Técnico;Nota Fiscal;Remessa;Material Solicitado;Material Solicitado Descrição;Material Enviado;Material Enviado Descrição;Chamado;TIPO;Qtd;
MARIA EXEMPLO DA SILVA ;2001;8000000201;000000000011144611;FONTE FATX 180W PI-F180P-I(01) POSIT AUT;000000000011144611;FONTE FATX 180W PI-F180P-I(01) POSIT AUT;;BACKUP;2;
MARIA EXEMPLO DA SILVA ;2001;8000000201;000000000011203345;LCD 14 FHD IPS NV140FHM-N48 CA720P DN50;000000000011203345;LCD 14 FHD IPS NV140FHM-N48 CA720P DN50;;BACKUP;2;
MARIA EXEMPLO DA SILVA ;2002;8000000202;000000000011155371;MEM 8GB DDR4 PC21300 SODIMM ADATA;000000000011155371;MEM 8GB DDR4 PC21300 SODIMM ADATA;;BACKUP;2;
MARIA EXEMPLO DA SILVA ;2003;8000000203;000000000011161356;SSD 256GB SATA M2 CVB-8D256-V03 SSSTC;000000000011161356;SSD 256GB SATA M2 CVB-8D256-V03 SSSTC;;PP;1;
JOSÉ EXEMPLO PEREIRA;2004;8000000204;000000000011184387;BATER 2C LI-ION 4900MAH 57WH IP3 SKD;000000000011184387;BATER 2C LI-ION 4900MAH 57WH IP3 SKD;;BACKUP;15;
JOSÉ EXEMPLO PEREIRA;2004;8000000204;000000000011176770;TCL ABNT2 SK-6620 W11 USB PR LITEON;000000000011176770;TCL ABNT2 SK-6620 W11 USB PR LITEON;;BACKUP;10;
ANA EXEMPLO COSTA;2005;8000000205;000000000011144611;FONTE FATX 180W PI-F180P-I(01) POSIT AUT;000000000011144611;FONTE FATX 180W PI-F180P-I(01) POSIT AUT;;BACKUP;9;
ANA EXEMPLO COSTA;2006;8000000206;000000000011203345;LCD 14 FHD IPS NV140FHM-N48 CA720P DN50;000000000011203345;LCD 14 FHD IPS NV140FHM-N48 CA720P DN50;;REP. BACKUP;2;
110399001;LT:900002;0080000002;000000000011228198;CONJ P-FRAME L400 VERDE STONE + ANT CTR;000000000011228198;CONJ P-FRAME L400 VERDE STONE + ANT CTR;;BACKUP;500;
